{
    "ReturnToStart": 1b,
    "Brain": {
        "memories": {
        }
    },
    "NpcInv": [
    ],
    "BossColor": 0,
    "PotionEffect": 0,
    "Size": 5,
    "stopAndInteract": 1b,
    "Resistances": {
        "Arrow": 1.0f,
        "Explosion": 1.0f,
        "Knockback": 0.9929578f,
        "Melee": 1.0f
    },
    "BossBar": 0b,
    "RespawnTime": 10,
    "NpcAngrySound": "",
    "ReactsToFire": 0b,
    "IgnoreCobweb": 0b,
    "PositionOffsetZ": 5.0f,
    "PositionOffsetY": 5.0f,
    "PositionOffsetX": 5.0f,
    "CanUpdate": 1b,
    "LootMode": 0,
    "TransformHasAI": 0b,
    "AttackStrenght": 5,
    "PersistenceRequired": 0b,
    "id": "customnpcs:customnpc",
    "IsStatue": 0b,
    "MovingPatern": 0,
    "NpcLines": {
        "Lines": [
        ]
    },
    "DefendFaction": 0b,
    "FireIndirect": 0,
    "NpcVisible": 0,
    "LinkedNpcName": "",
    "NpcScenes": {
        "Scenes": [
        ]
    },
    "HitSound": "minecraft:entity.arrow.hit",
    "FindShelter": 2,
    "Air": 300s,
    "Orientation": 0,
    "ScriptLanguage": "ECMAScript",
    "HandItems": [
        {
        },
        {
        }
    ],
    "KnockBack": 0,
    "TransformHasJob": 0b,
    "ArmorDropChances": [
        0.085f,
        0.085f,
        0.085f,
        0.085f
    ],
    "BurnInSun": 0b,
    "StandingState": 2,
    "AttackInvisible": 0b,
    "NpcInteractNPCLines": {
        "Lines": [
        ]
    },
    "HurtTime": 0s,
    "WalkingRange": 10,
    "ShotCount": 1,
    "pDur": 5,
    "AttackRange": 2,
    "ActiveRange": 32,
    "NpcKillLines": {
        "Lines": [
        ]
    },
    "PotionImmune": 0b,
    "AvoidsSun": 0b,
    "Texture": "customnpcs:textures/entity/humanmale/steve.png",
    "NpcJob": 0,
    "BurstCount": 1,
    "NpcAttackLines": {
        "Lines": [
        ]
    },
    "pSpeed": 10,
    "pArea": 0,
    "DeathTime": 0s,
    "pImpact": 0,
    "MoveState": 0,
    "pRender3D": 1b,
    "BalmData": {
    },
    "Motion": [
        0.0d,
        -0.0784000015258789d,
        0.0d
    ],
    "CombatRegen": 0,
    "NpcsTimers": [
    ],
    "MarkovGender": 0,
    "pEffect": 0,
    "DistanceToMelee": 0,
    "NpcStepSound": "",
    "FireRate": 5,
    "LeftHanded": 0b,
    "pEffAmp": 0,
    "OnGround": 1b,
    "ImmuneToFire": 0b,
    "OverlayGlowing": 1b,
    "NpcKilledLines": {
        "Lines": [
        ]
    },
    "Fire": -1s,
    "ArmorItems": [
        {
        },
        {
        },
        {
        },
        {
        }
    ],
    "DisablePitch": 0b,
    "pPhysics": 1b,
    "TransformHasInv": 0b,
    "NpcInteractLines": {
        "Lines": [
            {
                "Line": "Hello @p",
                "Song": "",
                "Slot": 0
            }
        ]
    },
    "HurtByTimestamp": 202,
    "pSpin": 0b,
    "NpcHurtSound": "minecraft:entity.player.hurt",
    "pTrail": 0,
    "CreatureType": 0,
    "Attributes": [
        {
            "Base": 0.0d,
            "Name": "minecraft:generic.armor"
        },
        {
            "Base": 0.05000000074505806d,
            "Name": "minecraft:generic.movement_speed"
        },
        {
            "Base": 0.0d,
            "Name": "minecraft:generic.knockback_resistance"
        },
        {
            "Base": 0.0d,
            "Name": "forge:step_height_addition"
        },
        {
            "Base": 32.0d,
            "Name": "minecraft:generic.follow_range"
        },
        {
            "Base": 0.10000000149011612d,
            "Name": "minecraft:generic.flying_speed"
        },
        {
            "Base": 1.600000023841858d,
            "Name": "forge:swim_speed"
        },
        {
            "Base": 5.0d,
            "Name": "minecraft:generic.attack_damage"
        },
        {
            "Base": 200.0d,
            "Name": "minecraft:generic.max_health"
        },
        {
            "Base": 0.1d,
            "Name": "caelus:fall_flying"
        },
        {
            "Base": 0.08d,
            "Name": "forge:entity_gravity"
        }
    ],
    "Invulnerable": 0b,
    "TransformHasDisplay": 0b,
    "NoFallDamage": 0b,
    "AbsorptionAmount": 0.0f,
    "TransformHasRole": 0b,
    "Name": "Bob",
    "FallDistance": 0.0f,
    "SkinColor": 16777215,
    "NpcIdleSound": "",
    "Weapons": [
    ],
    "NPCDialogOptions": [
        {
            "NPCDialog": {
                "DialogCommand": "",
                "Dialog": 1,
                "Title": "Bob",
                "DialogColor": 14737632,
                "OptionType": 1
            },
            "DialogSlot": 0
        }
    ],
    "AggroRange": 1,
    "DirectLOS": 1b,
    "HealthRegen": 1,
    "ForgeCaps": {
        "mowziesmobs:living_cap": {
        },
        "mowziesmobs:frozen_cap": {
            "frozenYaw": 0.0f,
            "frozenWalkAnimSpeed": 0.0f,
            "freezeProgress": 0.0f,
            "frozenPitch": 0.0f,
            "freezeDecayDelay": 0,
            "prevHasAI": 1b,
            "frozenYawHead": 0.0f,
            "frozen": 0b,
            "frozenWalkAnimPosition": 0.0f,
            "prevFrozen": 0b,
            "frozenRenderYawOffset": 0.0f,
            "frozenSwingProgress": 0.0f
        },
        "structure_gel:gel_entity": {
            "portal": "structure_gel:empty"
        },
        "curios:inventory": {
            "Curios": [
            ]
        },
        "mowziesmobs:ability": {
        },
        "mowziesmobs:frozen": {
            "frozenYaw": 0.0f,
            "frozenWalkAnimSpeed": 0.0f,
            "freezeProgress": 0.0f,
            "frozenPitch": 0.0f,
            "freezeDecayDelay": 0,
            "prevHasAI": 1b,
            "frozenYawHead": 0.0f,
            "frozen": 0b,
            "frozenWalkAnimPosition": 0.0f,
            "prevFrozen": 0b,
            "frozenRenderYawOffset": 0.0f,
            "frozenSwingProgress": 0.0f
        },
        "mowziesmobs:last_damage": {
        }
    },
    "HandDropChances": [
        0.085f,
        0.085f
    ],
    "NpcModelData": {
        "CustomSkinUrl": "",
        "BodyConfig": {
            "NotShared": 0b,
            "ScaleZ": 1.0f,
            "TransZ": 0.0f,
            "TransY": 0.0f,
            "TransX": 0.0f,
            "ScaleY": 1.0f,
            "ScaleX": 1.0f
        },
        "MoveAnimation": 16,
        "Legs2Config": {
            "NotShared": 0b,
            "ScaleZ": 1.0f,
            "TransZ": 0.0f,
            "TransY": 0.0f,
            "TransX": 0.0f,
            "ScaleY": 1.0f,
            "ScaleX": 1.0f
        },
        "SimpleRender": 0b,
        "ArmsConfig": {
            "NotShared": 0b,
            "ScaleZ": 1.0f,
            "TransZ": 0.0f,
            "TransY": 0.0f,
            "TransX": 0.0f,
            "ScaleY": 1.0f,
            "ScaleX": 1.0f
        },
        "ExtraData": {
        },
        "HeadConfig": {
            "NotShared": 0b,
            "ScaleZ": 1.0f,
            "TransZ": 0.0f,
            "TransY": 0.0f,
            "TransX": 0.0f,
            "ScaleY": 1.0f,
            "ScaleX": 1.0f
        },
        "LegsConfig": {
            "NotShared": 0b,
            "ScaleZ": 1.0f,
            "TransZ": 0.0f,
            "TransY": 0.0f,
            "TransX": 0.0f,
            "ScaleY": 1.0f,
            "ScaleX": 1.0f
        },
        "Arms2Config": {
            "NotShared": 0b,
            "ScaleZ": 1.0f,
            "TransZ": 0.0f,
            "TransY": 0.0f,
            "TransX": 0.0f,
            "ScaleY": 1.0f,
            "ScaleX": 1.0f
        },
        "Parts": [
        ],
        "NewParts": [
        ],
        "WingMode": 0,
        "DisplayName": "",
        "Animation": 0,
        "ModelType": 0,
        "LastEdited": 1751720900961L
    },
    "VisibleAvailability": {
        "AvailabilityQuestId": -1,
        "AvailabilityScoreboardType": 1,
        "AvailabilityFactionStance": 0,
        "AvailabilityScoreboard2Value": 1,
        "AvailabilityQuest": 0,
        "AvailabilityDialog4": 0,
        "AvailabilityScoreboardObjective": "",
        "AvailabilityDialog3": 0,
        "AvailabilityQuest2": 0,
        "AvailabilityQuest3": 0,
        "AvailabilityScoreboard2Objective": "",
        "AvailabilityQuest4": 0,
        "ModRev": 18,
        "AvailabilityDialog2": 0,
        "AvailabilityDayTime": 0,
        "AvailabilityFaction2Id": -1,
        "AvailabilityScoreboardValue": 1,
        "AvailabilityFaction": 0,
        "AvailabilityDialog": 0,
        "AvailabilityScoreboard2Type": 1,
        "AvailabilityFaction2": 0,
        "AvailabilityFactionId": -1,
        "AvailabilityFaction2Stance": 0,
        "AvailabilityDialogId": -1,
        "AvailabilityQuest4Id": -1,
        "AvailabilityQuest3Id": -1,
        "AvailabilityQuest2Id": -1,
        "AvailabilityDialog2Id": -1,
        "AvailabilityDialog3Id": -1,
        "AvailabilityDialog4Id": -1,
        "AvailabilityMinPlayerLevel": 0
    },
    "minDelay": 20,
    "DoorInteract": 2,
    "MoveSpeed": 1,
    "TransformEditingModus": 0b,
    "UsingSkinUrl": 2b,
    "SkinUrl": "https://i.imgur.com/BCORUGN.png",
    "CanSwim": 1b,
    "GroundSound": "minecraft:block.stone.break",
    "MountControl": 0b,
    "MaxHealth": 200,
    "HideBodyWhenKilled": 0b,
    "AttackSpeed": 20,
    "PotionDuration": 5,
    "maxDelay": 40,
    "ScriptEnabled": 0b,
    "Role": 0,
    "DropChance": [
        {
            "Integer": 100.0f,
            "Slot": 0
        },
        {
            "Integer": 100.0f,
            "Slot": 1
        },
        {
            "Integer": 100.0f,
            "Slot": 2
        },
        {
            "Integer": 100.0f,
            "Slot": 3
        },
        {
            "Integer": 100.0f,
            "Slot": 4
        },
        {
            "Integer": 100.0f,
            "Slot": 5
        },
        {
            "Integer": 100.0f,
            "Slot": 6
        },
        {
            "Integer": 100.0f,
            "Slot": 7
        },
        {
            "Integer": 100.0f,
            "Slot": 8
        }
    ],
    "FactionPoints": {
        "DecreaseFaction1Points": 0b,
        "OptionFaction2Points": 100,
        "OptionFactions1": -1,
        "OptionFactions2": -1,
        "OptionFaction1Points": 100,
        "DecreaseFaction2Points": 0b
    },
    "pDamage": 4,
    "KilledTime": 0L,
    "AimWhileShooting": 0b,
    "CanPickUpLoot": 0b,
    "AttackOtherFactions": 0b,
    "CanDrown": 1b,
    "pSize": 5,
    "CanSprint": 0b,
    "CanLeap": 0b,
    "TransformIsActive": 0b,
    "ForgeData": {
        "zj": 200.0d,
        "pidianzj": 400.0d,
        "cs": 400.0d,
        "cnpcmarkdata": {
            "marks": [
                {
                    "availability": {
                        "AvailabilityQuestId": 1,
                        "AvailabilityScoreboardType": 1,
                        "AvailabilityFactionStance": 0,
                        "AvailabilityScoreboard2Value": 1,
                        "AvailabilityQuest": 6,
                        "AvailabilityDialog4": 0,
                        "AvailabilityScoreboardObjective": "",
                        "AvailabilityDialog3": 0,
                        "AvailabilityQuest2": 0,
                        "AvailabilityQuest3": 0,
                        "AvailabilityScoreboard2Objective": "",
                        "AvailabilityQuest4": 0,
                        "ModRev": 18,
                        "AvailabilityDialog2": 0,
                        "AvailabilityDayTime": 0,
                        "AvailabilityFaction2Id": -1,
                        "AvailabilityScoreboardValue": 1,
                        "AvailabilityFaction": 0,
                        "AvailabilityDialog": 0,
                        "AvailabilityScoreboard2Type": 1,
                        "AvailabilityFaction2": 0,
                        "AvailabilityFactionId": -1,
                        "AvailabilityFaction2Stance": 0,
                        "AvailabilityDialogId": -1,
                        "AvailabilityQuest4Id": -1,
                        "AvailabilityQuest3Id": -1,
                        "AvailabilityQuest2Id": -1,
                        "AvailabilityDialog2Id": -1,
                        "AvailabilityDialog3Id": -1,
                        "AvailabilityDialog4Id": -1,
                        "AvailabilityMinPlayerLevel": 0
                    },
                    "color": 16772433,
                    "type": 2
                }
            ]
        },
        "jiasuzj": 0.0d,
        "bl": 600.0d
    },
    "MovingState": 0,
    "MovingPos": 0,
    "PotionAmp": 0,
    "OnAttack": 1,
    "FallFlying": 0b,
    "MaxExp": 0,
    "OrderedLines": 0b,
    "PortalCooldown": 0,
    "pGlows": 0b,
    "TransformHasAdvanced": 0b,
    "TransformHasStats": 0b,
    "MovementType": 0,
    "FiringSound": "minecraft:entity.arrow.shoot",
    "ModRev": 18,
    "Accuracy": 60,
    "MinExp": 0,
    "Armor": [
    ],
    "CloakTexture": "",
    "GlowTexture": "",
    "MaxFiringRange": 15,
    "pXlr8": 0b,
    "MarkovGeneratorId": 0,
    "Scripts": [
    ],
    "Health": 200.0f,
    "pStick": 0b,
    "MovingPause": 1b,
    "NpcDeathSound": "minecraft:entity.player.hurt",
    "FactionID": 0,
    "Title": "Intendant",
    "TotalTicksAlive": 401884L,
    "Rotation": [
        -100.420715f,
        -0.15155044f
    ],
    "ShowName": 0,
    "npcInteracting": 1b,
    "AvoidsWater": 1b,
    "NoLivingAnimation": 0b,
    "SpawnCycle": 0
}
