{
    "CompleterNpc": "Casta",
    "NextQuestId": 6,
    "QuestLocation3": "",
    "RandomReward": 0b,
    "QuestLocation2": "",
    "QuestRepeat": 0,
    "QuestCompletion": 1,
    "Title": "va voir le maquain d'entraienemnt",
    "Text": "va t'entreainent en maquain  [blablabla..etc..]",
    "QuestFactionPoints": {
        "DecreaseFaction1Points": 0b,
        "OptionFaction2Points": 100,
        "OptionFactions1": -1,
        "OptionFactions2": -1,
        "OptionFaction1Points": 100,
        "DecreaseFaction2Points": 0b
    },
    "RewardExp": 0,
    "QuestCommand": "",
    "ModRev": 18,
    "Type": 3,
    "QuestMail": {
        "Sender": "Diaxe",
        "MailQuestTitle": "va voir le maquain d'entraienemnt",
        "BeenRead": 0b,
        "Message": {
            "pages": [
                "dsdsdsdsdsdsds"
            ]
        },
        "MailItems": [
        ],
        "MailQuest": 5,
        "TimePast": 297000L,
        "Time": 1752050870748L,
        "Subject": "testa"
    },
    "Rewards": {
        "NpcMiscInv": [
        ]
    },
    "CompleteText": "brava tu trouver le maquin  [blablabla..etc..]",
    "QuestLocation": "block1"
}
