{
    "CompleterNpc": "Diaxe",
    "NextQuestId": 8,
    "RandomReward": 0b,
    "QuestRepeat": 0,
    "QuestCompletion": 0,
    "IgnoreNBT": 0b,
    "Title": "Va essayer une autre arme",
    "Text": "va voir diaxxe et [blablabla..etc..]",
    "QuestFactionPoints": {
        "DecreaseFaction1Points": 0b,
        "OptionFaction2Points": 100,
        "OptionFactions1": -1,
        "OptionFactions2": -1,
        "OptionFaction1Points": 100,
        "DecreaseFaction2Points": 0b
    },
    "RewardExp": 0,
    "QuestCommand": "",
    "ModRev": 18,
    "Type": 0,
    "QuestMail": {
        "Sender": "",
        "BeenRead": 0b,
        "Message": {
        },
        "MailItems": [
        ],
        "MailQuest": -1,
        "TimePast": 1752049945836L,
        "Time": 0L,
        "Subject": ""
    },
    "IgnoreDamage": 0b,
    "Rewards": {
        "NpcMiscInv": [
            {
                "Slot": 4b,
                "id": "minecraft:budding_amethyst",
                "Count": 1b
            }
        ]
    },
    "Items": {
        "NpcMiscInv": [
        ]
    },
    "LeaveItems": 0b,
    "CompleteText": "[blablabla..etc..]"
}
