{
    "CompleterNpc": "giver",
    "NextQuestId": -1,
    "RandomReward": 0b,
    "QuestRepeat": 1,
    "QuestCompletion": 0,
    "Title": "tué 50 cochon",
    "Text": "",
    "QuestFactionPoints": {
        "DecreaseFaction1Points": 0b,
        "OptionFaction2Points": 100,
        "OptionFactions1": -1,
        "OptionFactions2": -1,
        "OptionFaction1Points": 100,
        "DecreaseFaction2Points": 0b
    },
    "RewardExp": 1,
    "QuestCommand": "",
    "QuestDialogs": [
        {
            "Value": 5,
            "Slot": "minecraft:pig"
        }
    ],
    "ModRev": 18,
    "Type": 2,
    "QuestMail": {
        "Sender": "p1",
        "MailQuestTitle": "quete objet",
        "BeenRead": 0b,
        "Message": {
            "pages": [
                "dfsfsdf"
            ]
        },
        "MailItems": [
            {
                "Slot": 0b,
                "id": "minecraft:deepslate_diamond_ore",
                "Count": 1b
            }
        ],
        "MailQuest": 10,
        "TimePast": 1752051120462L,
        "Time": 0L,
        "Subject": ""
    },
    "Rewards": {
        "NpcMiscInv": [
            {
                "Slot": 2b,
                "id": "minecraft:lapis_ore",
                "Count": 1b
            },
            {
                "Slot": 4b,
                "id": "minecraft:diamond_block",
                "Count": 1b
            }
        ]
    },
    "CompleteText": ""
}
